{
  "timestamp": "2025-12-02T04:33:32.679594",
  "current_price": 67587.24641339404,
  "predicted_price": 0.05823579919090201,
  "action": "sell",
  "position": 0,
  "confidence": 0.664
}