{
  "timestamp": "2025-12-02T04:09:24.166864",
  "current_price": 68042.6895435304,
  "predicted_price": 0.05825453585576927,
  "action": "buy",
  "position": 45,
  "confidence": 0.664
}