Model,RMSE,R²,MAE,Direction Accuracy
ARIMA,0.042676425543669,-1.0,0.03689184397830721,0.541970802919708
