模型,R²,RMSE,MAE,方向准确率,实际RMSE
无正则化,-8.460239633726948,0.004433402250589656,0.00327467456807039,0.7864963503649635,0.004303714137343288
L1 (Lasso),-122.38914418865764,0.016011224414853142,0.016010903121179743,0.6642335766423357,0.015542856022418122
L2 (Ridge),-7.784470677328768,0.004272124173606056,0.0030026201880657727,0.8047445255474452,0.004147153847812704
弹性网络,-6.951408134075096,0.004064509018568736,0.0023784533799413574,0.801094890510949,0.003945611955749563
