Model,R²,RMSE,MAE,Direction Accuracy,Actual RMSE
Linear Regression,-3.640469892849352,0.0031050389209777763,0.0019626738263410675,0.8211678832116789,0.003014208760198979
