Model,R²,RMSE,MAE,Direction Accuracy,Actual RMSE
No Regularization,-19.549710107957353,0.0065341472688119975,0.005116036762298907,0.7135036496350365,0.006343007105328428
L1 (Lasso),-121.92302452538057,0.015980953485448847,0.015980611812891284,0.6295620437956204,0.015513470593471211
L2 (Ridge),-8.13388694522468,0.004356260924708024,0.003094636723908756,0.801094890510949,0.004228829388339061
Elastic Net,-3.640469892849352,0.0031050389209777763,0.0019626738263410675,0.8211678832116789,0.003014208760198979
