Model,RMSE,R²,MAE,Direction Accuracy
Prophet,0.8820971391531615,-397417.5468828545,0.7320250068494335,0.5346715328467153
